text_input,output
¿Qué técnicas de corte se deben utilizar para preparar vegetales?,"Las técnicas de corte incluyen juliana, brunoise, chiffonade y en dados. Cada técnica se utiliza según el tipo de plato y la presentación deseada."
¿Cómo se debe cocinar la carne para garantizar su seguridad alimentaria?,"La carne debe cocinarse a una temperatura interna adecuada, como 63°C para carnes rojas y 74°C para aves, para eliminar patógenos y garantizar la seguridad alimentaria."
¿Qué utensilios son esenciales para la preparación adecuada de los alimentos?,"Utensilios esenciales incluyen cuchillos de chef, tablas de cortar, batidoras, sartenes, ollas, y cucharas de mezcla. Estos ayudan a realizar cortes precisos y técnicas de cocción efectivas."
¿Cómo se evita la contaminación cruzada durante la preparación de alimentos?,"Se evita usando tablas de cortar y cuchillos separados para carnes y vegetales, lavándose las manos regularmente y desinfectando superficies y utensilios después de cada uso."
¿Qué técnicas de mezcla se utilizan en la preparación de salsas?,"Las técnicas de mezcla incluyen batir, emulsionar, y reducir. Cada técnica asegura que las salsas tengan la consistencia y el sabor deseados."
¿Qué es la mise en place y por qué es importante?,La mise en place es la preparación y organización de ingredientes y utensilios antes de cocinar. Es importante para asegurar un flujo de trabajo eficiente y evitar errores durante la preparación de platos.
¿Cómo se organiza una estación de trabajo para una preparación eficiente?,"Una estación de trabajo se organiza colocando los ingredientes necesarios al alcance, asegurando que los utensilios y equipos estén limpios y disponibles, y siguiendo un orden lógico de pasos para la preparación."
¿Qué prácticas se siguen para mantener la frescura de los ingredientes en la mise en place?,"Los ingredientes se almacenan en recipientes herméticos, se mantienen refrigerados si es necesario, y se preparan lo más cerca posible del momento de uso para asegurar su frescura."
¿Cómo se etiquetan y almacenan los ingredientes preparados en la mise en place?,"Los ingredientes preparados se etiquetan con la fecha y el nombre del ingrediente, y se almacenan en contenedores adecuados en áreas de almacenamiento designadas, siguiendo las normas de seguridad alimentaria."
¿Qué errores comunes se deben evitar en la mise en place?,"Errores comunes incluyen no tener todos los ingredientes preparados antes de empezar a cocinar, no etiquetar adecuadamente los ingredientes, y no seguir un orden lógico en la preparación, lo que puede causar retrasos y errores."
¿Cómo se decide qué platos incluir en el menú del día?,"Los platos se deciden basándose en la disponibilidad de ingredientes frescos, las preferencias del cliente, y la variedad necesaria para ofrecer opciones equilibradas y atractivas."
¿Qué factores se consideran al preparar platos del menú del día?,"Se consideran factores como la estacionalidad de los ingredientes, las preferencias dietéticas de los clientes, la capacidad de la cocina para preparar los platos eficientemente, y la coherencia con el estilo y la temática del restaurante."
¿Cómo se asegura la consistencia en la preparación de los platos del menú del día?,"La consistencia se asegura siguiendo recetas estandarizadas, capacitando al personal en técnicas de preparación uniformes, y utilizando ingredientes de alta calidad de manera consistente."
¿Qué procedimientos se siguen para probar y ajustar los platos del menú del día?,"Los platos se prueban regularmente para evaluar su sabor, textura y presentación. Se realizan ajustes según el feedback de los clientes y del equipo de cocina para mejorar continuamente."
¿Cómo se gestionan las alergias y restricciones dietéticas en el menú del día?,"Se identifican claramente los ingredientes y posibles alérgenos en el menú, se ofrecen opciones alternativas para dietas especiales, y se capacita al personal para manejar y preparar platos para personas con alergias y restricciones dietéticas de manera segura."
¿Qué normas se deben seguir para el uso seguro de cuchillos en la cocina?,"Las normas incluyen mantener los cuchillos afilados, usar técnicas de corte adecuadas, cortar en superficies estables, y almacenar los cuchillos en lugares seguros cuando no se usan."
¿Cómo se deben mantener y cuidar los utensilios de cocina?,"Los utensilios deben limpiarse y desinfectarse después de cada uso, almacenarse adecuadamente, y revisarse regularmente para asegurarse de que estén en buen estado y funcionen correctamente."
¿Qué utensilios son específicos para diferentes técnicas de cocción?,"Utensilios específicos incluyen sartenes de hierro fundido para saltear, batidoras para mezclar y emulsionar, cuchillos de pan para rebanar, y ralladores para obtener texturas finas en ciertos ingredientes."
¿Cómo se utiliza correctamente una batidora?,"La batidora se utiliza ajustando la velocidad según la tarea, asegurándose de que los ingredientes estén bien combinados sin sobremezclar, y limpiándola adecuadamente después de su uso."
¿Qué prácticas de seguridad se deben seguir al usar equipos eléctricos en la cocina?,"Las prácticas de seguridad incluyen revisar que los cables estén en buen estado, no sobrecargar los enchufes, mantener el equipo alejado del agua, y seguir las instrucciones del fabricante para su uso correcto."
¿Cuáles son los pasos para una limpieza efectiva de la cocina?,"Los pasos incluyen eliminar los residuos de alimentos, lavar y desinfectar las superficies y utensilios, barrer y trapear los pisos, y revisar que todos los equipos estén limpios y en buen estado."
¿Con qué frecuencia se deben limpiar las áreas de preparación de alimentos?,Las áreas de preparación de alimentos deben limpiarse y desinfectarse después de cada uso y al final de cada turno para mantener un ambiente higiénico y seguro.
¿Qué productos de limpieza se recomiendan para la cocina?,"Se recomiendan productos como desinfectantes aprobados para uso alimentario, detergentes de alta eficacia, y soluciones de limpieza específicas para diferentes superficies y equipos."
¿Cómo se deben manejar y almacenar los productos de limpieza en la cocina?,"Los productos de limpieza deben almacenarse en un área designada, lejos de los alimentos, en sus envases originales y etiquetados correctamente. El personal debe estar capacitado en su uso seguro."
¿Qué acciones se toman si se derrama un producto de limpieza en la cocina?,"Se aísla el área afectada, se limpia el derrame siguiendo las instrucciones del producto, se desinfecta la superficie, y se eliminan cualquier residuo para evitar la contaminación de alimentos y asegurar la seguridad del personal."
¿Por qué es importante controlar la temperatura de los alimentos?,"Es importante para prevenir la proliferación de bacterias y patógenos, asegurando que los alimentos sean seguros para el consumo y mantengan su calidad y sabor."
¿Cuáles son las temperaturas seguras para almacenar alimentos perecederos?,Los alimentos perecederos deben almacenarse a temperaturas de 4°C o menos para refrigeración y a -18°C o menos para congelación.
¿Cómo se mide correctamente la temperatura de los alimentos?,"La temperatura se mide usando termómetros calibrados, insertándolos en la parte más gruesa del alimento sin tocar huesos o superficies, y leyendo la temperatura después de permitir que el termómetro se estabilice."
¿Qué procedimientos se siguen si un alimento no alcanza la temperatura adecuada?,"Si un alimento no alcanza la temperatura adecuada, se debe recalentar hasta que alcance la temperatura segura, o desechar si ha estado en la zona de peligro (4°C a 60°C) por más de dos horas."
¿Cómo se registra y monitorea la temperatura de los alimentos?,"Se utilizan registros de temperatura donde se anotan las temperaturas de almacenamiento y cocción regularmente, y se revisan estos registros para asegurar el cumplimiento de las normas de seguridad alimentaria."
¿Cómo se registran las facturas en el sistema?,"Las facturas se registran en el sistema a través del módulo de gestión financiera del software del restaurante. Los datos necesarios incluyen el número de factura, fecha de emisión, proveedor, y monto total."
¿Qué información debe incluir una factura?,"Una factura debe incluir el número de factura, fecha de emisión, nombre y dirección del proveedor, descripción de los productos o servicios, cantidad, precio unitario, total antes de impuestos, impuestos aplicables, y el monto total."
¿Cómo se verifica la validez de una factura recibida?,"La validez de una factura se verifica comparando los detalles de la factura con los registros de pedidos y entregas. Además, se debe comprobar que todos los campos requeridos están completos y que los cálculos son correctos."
¿Cómo se clasifica las facturas según su prioridad de pago?,Las facturas se clasifican según su prioridad de pago basándose en la fecha de vencimiento y la importancia del proveedor. Las facturas con fechas de vencimiento más cercanas y de proveedores críticos se priorizan.
¿Qué procedimientos se siguen para digitalizar y archivar facturas físicas?,"Las facturas físicas se escanean y se cargan en el sistema de gestión documental. Se asignan etiquetas digitales que incluyen información relevante, como fecha y proveedor, para facilitar la búsqueda y el archivo."
¿Cómo se gestionan las facturas recurrentes?,"Las facturas recurrentes, como las de servicios públicos, se registran como tales en el sistema financiero. Esto permite que el sistema genere automáticamente las facturas y los recordatorios de pago en los intervalos apropiados."
¿Cómo se realiza el seguimiento de los pagos a proveedores?,"El seguimiento de pagos se realiza registrando cada pago en el sistema financiero, incluyendo la fecha de pago, el método de pago, y el monto pagado. También se pueden programar recordatorios para pagos futuros."
¿Qué se hace si un pago está retrasado?,"Si un pago está retrasado, se envía una notificación al departamento de contabilidad para que contacte al proveedor y establezca un nuevo plazo de pago. También se pueden revisar las razones del retraso para evitar futuros inconvenientes."
¿Cómo se gestionan los descuentos por pronto pago?,Los descuentos por pronto pago se aplican automáticamente en el sistema financiero si el pago se realiza dentro del período especificado en la factura. El sistema ajusta el monto pagado y registra el descuento aplicado.
¿Qué métodos de pago se aceptan para las facturas?,"Los métodos de pago aceptados incluyen transferencias bancarias, pagos con tarjeta de crédito, cheques, y pagos en efectivo, dependiendo de las políticas del proveedor y del restaurante."
¿Cómo se asegura la conciliación de pagos con las facturas correspondientes?,La conciliación de pagos se asegura mediante la revisión periódica de los extractos bancarios y la comparación con las facturas pagadas registradas en el sistema. Cualquier discrepancia se investiga y se resuelve de inmediato.
¿Qué medidas se toman para evitar pagos duplicados?,"Para evitar pagos duplicados, el sistema financiero marca automáticamente las facturas pagadas y alerta si se intenta registrar un pago para una factura que ya ha sido liquidada."
¿Cómo se controlan las compras de suministros?,"Las compras de suministros se controlan a través de un sistema de gestión de inventarios que registra cada pedido realizado, la cantidad recibida, y la fecha de recepción. Esto ayuda a mantener un registro actualizado de los niveles de inventario."
¿Qué pasos se siguen para aprobar una compra?,"Para aprobar una compra, primero se verifica que el pedido esté dentro del presupuesto asignado. Luego, se revisa y aprueba la solicitud de compra por el responsable del área correspondiente. Finalmente, se emite la orden de compra al proveedor."
¿Cómo se gestionan las devoluciones de productos defectuosos?,"Las devoluciones de productos defectuosos se gestionan registrando el problema en el sistema de inventario, notificando al proveedor y coordinando la devolución o reemplazo del producto. Se debe actualizar el inventario para reflejar la devolución."
¿Cómo se monitorean los costos de las compras a lo largo del tiempo?,"Los costos de las compras se monitorean mediante informes periódicos generados por el sistema de gestión de inventarios, que analizan las tendencias de precios y los costos totales de los suministros adquiridos."
¿Qué criterios se utilizan para seleccionar proveedores?,"Los criterios para seleccionar proveedores incluyen la calidad de los productos, precios competitivos, tiempos de entrega, términos de pago, y la reputación del proveedor en el mercado."
¿Cómo se implementa el control de calidad en las compras de suministros?,El control de calidad se implementa mediante inspecciones visuales y pruebas de productos al recibir los suministros. Cualquier producto que no cumpla con los estándares de calidad se devuelve al proveedor o se negocia un reemplazo.
¿Cómo se realiza el seguimiento de las facturas pendientes de pago?,"El seguimiento de las facturas pendientes de pago se realiza mediante un informe periódico generado por el sistema financiero, que lista todas las facturas no pagadas y su fecha de vencimiento. Se programan recordatorios para asegurar el pago oportuno."
¿Qué acciones se toman si una factura está vencida?,"Si una factura está vencida, se contacta al proveedor para informar sobre el retraso y acordar un nuevo plazo de pago. Se registran las acciones tomadas en el sistema para futuras referencias."
¿Cómo se manejan las disputas sobre facturas?,"Las disputas sobre facturas se manejan revisando detalladamente la factura en cuestión, comparando con los registros de pedidos y entregas. Se contacta al proveedor para discutir y resolver cualquier discrepancia."
¿Cómo se comunica a los departamentos correspondientes sobre facturas pendientes?,"Las facturas pendientes se comunican a los departamentos correspondientes mediante informes periódicos y notificaciones automáticas del sistema financiero, que incluyen detalles sobre el estado de las facturas y fechas de vencimiento."
¿Qué herramientas se utilizan para rastrear el historial de pagos de los proveedores?,"Se utilizan herramientas de software de gestión financiera que permiten rastrear el historial de pagos de los proveedores, incluyendo todas las facturas pagadas, montos, y fechas de pago, así como cualquier disputa o problema anterior."
¿Cómo se gestionan las facturas en moneda extranjera?,Las facturas en moneda extranjera se gestionan convirtiendo los montos a la moneda local usando el tipo de cambio vigente en la fecha de la transacción. El sistema financiero ajusta automáticamente las diferencias cambiarias en los informes financieros.
¿Cómo debe ser la atención al cliente al tomar el pedido?,"La atención al cliente al tomar el pedido debe ser amable, atenta y eficiente. El personal debe saludar al cliente, presentarse, escuchar atentamente, hacer recomendaciones si es necesario y confirmar el pedido para evitar errores."
¿Qué es el sistema de comandas y cómo se utiliza?,El sistema de comandas es una herramienta utilizada para registrar y gestionar los pedidos de los clientes. Se utiliza ingresando los pedidos en un dispositivo o formulario que luego se envía a la cocina o bar para su preparación. Ayuda a asegurar que los pedidos se realicen correctamente y de manera organizada.
¿Qué aspectos se deben considerar al preparar bebidas?,"Al preparar bebidas, se deben seguir las recetas y medidas exactas, utilizar ingredientes frescos y de calidad, y mantener una buena presentación. Además, es importante conocer y cumplir con las preferencias o restricciones dietéticas del cliente."
¿Cuáles son las mejores prácticas para el servicio de comida en la mesa?,"Las mejores prácticas incluyen servir la comida de manera organizada y eficiente, manejar los platos con cuidado para evitar derrames, verificar que el pedido sea correcto antes de servirlo, y asegurarse de que los clientes tengan todo lo que necesitan, como utensilios y condimentos."
¿Cómo se deben manejar las quejas de los clientes?,"Las quejas de los clientes deben manejarse con calma y profesionalismo. Es importante escuchar al cliente, mostrar empatía, disculparse por el inconveniente y ofrecer una solución rápida y adecuada, como reemplazar el plato o ofrecer un descuento."
¿Qué áreas deben limpiarse diariamente en un restaurante?,"Las áreas que deben limpiarse diariamente incluyen la cocina, sala de servicio, baños y áreas comunes. Esto incluye barrer y trapear los pisos, limpiar las superficies de trabajo, desinfectar los baños y vaciar los botes de basura."
¿Qué es la limpieza periódica y por qué es importante?,"La limpieza periódica se refiere a las tareas de limpieza que no se realizan diariamente, sino semanal o mensualmente, como limpiar los filtros de ventilación, desengrasar las campanas extractoras y limpiar detrás de los equipos. Es importante para mantener un ambiente higiénico y seguro, y prolongar la vida útil de los equipos."
¿Qué pasos se deben seguir para el mantenimiento de equipos de cocina?,"El mantenimiento de equipos de cocina incluye inspecciones regulares, limpieza profunda, lubricación de partes móviles, y reparación o reemplazo de componentes desgastados. Es importante seguir las recomendaciones del fabricante y registrar todas las actividades de mantenimiento."
¿Cómo se deben limpiar los utensilios de cocina para asegurar la higiene?,"Los utensilios de cocina deben lavarse con agua caliente y detergente, enjuagarse bien y desinfectarse, ya sea con un desinfectante aprobado o en un lavavajillas de alta temperatura. Deben secarse completamente antes de guardarlos para evitar la proliferación de bacterias."
¿Qué acciones se pueden tomar para mantener las áreas comunes del restaurante en buen estado?,"Para mantener las áreas comunes en buen estado, se deben limpiar y desinfectar regularmente las mesas, sillas y superficies de contacto frecuente, revisar y reabastecer los suministros de los baños, y realizar inspecciones periódicas para identificar y reparar cualquier daño o desgaste."
¿Qué debe incluir una buena presentación al servir los platos?,"Una buena presentación debe incluir una disposición atractiva de los alimentos en el plato, el uso de platos limpios y adecuados, la atención a la temperatura del plato, y la adición de decoraciones o guarniciones que mejoren la apariencia visual."
¿Cómo se puede asegurar que los pedidos especiales o con restricciones dietéticas se manejen correctamente?,"Para asegurar que los pedidos especiales se manejen correctamente, se debe tomar nota detallada de las restricciones o preferencias del cliente, comunicar claramente esta información a la cocina y verificar el pedido antes de servirlo al cliente."
¿Qué es el seguimiento post-servicio y por qué es importante?,"El seguimiento post-servicio implica revisar con los clientes si están satisfechos con su comida y servicio, y solucionar cualquier problema que puedan tener. Es importante para asegurar la satisfacción del cliente y fomentar su regreso."
¿Cómo se debe gestionar un área de bar ocupada durante las horas pico?,"Gestionar un área de bar ocupada requiere organización, comunicación eficiente con el equipo, preparación anticipada de ingredientes y bebidas populares, y un enfoque en el servicio rápido y preciso para mantener a los clientes satisfechos."
¿Qué habilidades de comunicación son cruciales para el personal de servicio al cliente?,"Las habilidades de comunicación cruciales incluyen la escucha activa, claridad en la transmisión de mensajes, empatía, paciencia, y la capacidad de manejar situaciones difíciles de manera calmada y profesional."
¿Qué procedimientos se deben seguir para la limpieza de las mesas después de que un cliente se va?,"Los procedimientos incluyen retirar todos los platos y utensilios usados, limpiar y desinfectar la mesa y las sillas, revisar el área debajo de la mesa para recoger cualquier residuo, y preparar la mesa para los siguientes clientes con manteles, servilletas y utensilios limpios."
¿Qué consideraciones se deben tener en cuenta al limpiar equipos eléctricos de cocina?,"Se deben seguir las instrucciones del fabricante, asegurarse de que los equipos estén apagados y desenchufados antes de limpiarlos, evitar el uso de líquidos que puedan entrar en componentes eléctricos, y utilizar productos de limpieza adecuados para cada tipo de equipo."
¿Qué es el mantenimiento preventivo y cómo beneficia al restaurante?,"El mantenimiento preventivo incluye la inspección y reparación regular de equipos para prevenir fallas. Beneficia al restaurante al reducir el tiempo de inactividad, prolongar la vida útil de los equipos, y garantizar un funcionamiento seguro y eficiente."
¿Cómo se puede manejar una infestación de plagas en el restaurante?,"Manejar una infestación de plagas incluye identificar el tipo de plaga, limpiar y desinfectar las áreas afectadas, sellar posibles puntos de entrada, y contactar a un servicio profesional de control de plagas. También se deben implementar medidas preventivas para evitar futuras infestaciones."
¿Qué rutinas de limpieza se deben seguir al final del día en la cocina?,"Las rutinas incluyen limpiar y desinfectar todas las superficies de trabajo, lavar y guardar utensilios y equipos, barrer y trapear los pisos, vaciar los botes de basura, y asegurarse de que todos los equipos estén apagados y almacenados adecuadamente."
¿Qué son las medidas de seguridad alimentaria y por qué son importantes?,Las medidas de seguridad alimentaria son prácticas y procedimientos diseñados para prevenir enfermedades transmitidas por alimentos y asegurar que los alimentos sean seguros para el consumo. Son importantes porque protegen la salud de los clientes y cumplen con las regulaciones sanitarias.
¿Cuáles son las principales regulaciones sanitarias que debe cumplir un restaurante?,"Las principales regulaciones incluyen mantener una correcta manipulación de alimentos, asegurar la limpieza y desinfección de superficies y utensilios, controlar la temperatura de almacenamiento y cocción, y cumplir con los estándares de higiene personal del personal."
¿Qué procedimientos se deben seguir para prevenir la contaminación cruzada?,"Para prevenir la contaminación cruzada, se deben utilizar tablas de cortar y utensilios separados para alimentos crudos y cocidos, almacenar los alimentos crudos en estantes inferiores a los cocidos, y lavar y desinfectar las superficies y utensilios entre usos."
¿Cómo se deben manejar los alimentos que requieren refrigeración?,"Los alimentos que requieren refrigeración deben mantenerse a temperaturas de 0 a 5°C para prevenir el crecimiento de bacterias. Se deben almacenar en envases herméticos, etiquetarse con la fecha de recepción y utilizarse siguiendo el sistema FIFO (First In, First Out)."
¿Qué incluye la capacitación de empleados sobre seguridad alimentaria?,"La capacitación debe incluir información sobre la correcta manipulación de alimentos, higiene personal, control de temperaturas, prevención de contaminación cruzada, limpieza y desinfección, y el manejo adecuado de residuos."
¿Qué registros y documentación son necesarios para asegurar la seguridad alimentaria?,"Los registros necesarios incluyen hojas de control de temperatura, registros de limpieza y desinfección, listas de verificación de higiene personal, registros de recepción de alimentos y cualquier incidente relacionado con la seguridad alimentaria."
¿Cómo se debe manejar un brote de enfermedad transmitida por alimentos en el restaurante?,"Se debe identificar y retirar los alimentos sospechosos, notificar a las autoridades sanitarias, investigar la causa del brote, y tomar medidas correctivas para evitar futuros incidentes. Además, se debe informar a los clientes afectados y documentar todas las acciones tomadas."
¿Cuál es el papel de la higiene personal en la seguridad alimentaria?,"La higiene personal es crucial para prevenir la contaminación de los alimentos. Los empleados deben lavarse las manos regularmente, usar ropa limpia y adecuada, cubrirse el cabello, y evitar manipular alimentos si están enfermos."
¿Qué es el análisis de peligros y puntos críticos de control (HACCP) y cómo se implementa?,"HACCP es un sistema preventivo que identifica, evalúa y controla peligros significativos para la inocuidad de los alimentos. Se implementa mediante la identificación de peligros, determinación de puntos críticos de control, establecimiento de límites críticos, monitoreo, acciones correctivas, verificación y documentación."
¿Qué pasos se deben seguir para mantener la salubridad en un restaurante durante una inspección sanitaria?,"Para mantener la salubridad durante una inspección, se debe asegurar que todas las áreas estén limpias y organizadas, tener registros y documentación al día, cumplir con las normas de higiene y manipulación de alimentos, y cooperar plenamente con el inspector respondiendo a todas sus preguntas y proporcionando la información solicitada."
¿Qué es la zona de peligro de temperatura y por qué es importante evitarla?,"La zona de peligro de temperatura es el rango entre 5°C y 60°C, donde las bacterias pueden crecer rápidamente. Es importante evitar esta zona para minimizar el riesgo de enfermedades transmitidas por alimentos."
¿Cuáles son los pasos correctos para lavar las manos en un entorno de preparación de alimentos?,"Los pasos correctos son mojar las manos con agua tibia, aplicar jabón, frotar las manos juntas durante al menos 20 segundos, enjuagar bien y secar con una toalla de papel o un secador de aire."
¿Qué prácticas deben seguirse para la correcta descongelación de alimentos?,"Los alimentos deben descongelarse en el refrigerador, bajo agua fría corriente, en el microondas si se van a cocinar inmediatamente después, o como parte del proceso de cocción. Nunca deben descongelarse a temperatura ambiente."
¿Cómo se debe manejar el almacenamiento de alimentos secos para asegurar su salubridad?,"Los alimentos secos deben almacenarse en un lugar limpio, seco y fresco, en recipientes herméticos, etiquetados y alejados del suelo y de las paredes para prevenir la infestación de plagas y la contaminación."
¿Qué es la contaminación física y cómo se puede prevenir?,"La contaminación física ocurre cuando objetos extraños como pelo, vidrios, metales o plásticos contaminan los alimentos. Se puede prevenir utilizando equipo de protección adecuado, inspeccionando los ingredientes, y manteniendo una buena higiene personal."
¿Qué es la contaminación química y cuáles son sus fuentes comunes?,"La contaminación química ocurre cuando sustancias químicas como limpiadores, pesticidas o metales pesados contaminan los alimentos. Las fuentes comunes incluyen el uso inadecuado de productos químicos, almacenamiento incorrecto y contaminación durante el procesamiento."
¿Qué debe incluir un programa de limpieza y desinfección eficaz?,"Un programa eficaz debe incluir una lista de todas las áreas y equipos que necesitan limpieza, los productos de limpieza y desinfección a utilizar, los procedimientos específicos, la frecuencia de limpieza, y registros de todas las actividades de limpieza realizadas."
¿Cómo se deben manejar los residuos de alimentos para mantener la seguridad alimentaria?,"Los residuos de alimentos deben desecharse en contenedores adecuados, que se vacíen y limpien regularmente. Los contenedores deben estar cubiertos para prevenir la atracción de plagas y ubicados lejos de las áreas de preparación de alimentos."
¿Qué tipos de controles se deben implementar para los empleados que manipulan alimentos?,"Los controles incluyen evaluaciones de salud regulares, entrenamiento continuo en prácticas seguras de manipulación de alimentos, monitoreo de la higiene personal y el uso de equipos de protección, y la implementación de políticas claras sobre el manejo de enfermedades."
¿Cómo se deben documentar los incidentes relacionados con la seguridad alimentaria?,"Los incidentes deben documentarse detalladamente en un registro específico, incluyendo la fecha y hora del incidente, una descripción del problema, las acciones correctivas tomadas, y cualquier seguimiento realizado. Esto ayuda a identificar tendencias y prevenir futuros problemas."
¿Cuál es la importancia de seleccionar proveedores confiables?,"Seleccionar proveedores confiables garantiza que los ingredientes sean de alta calidad, frescos y seguros para el consumo. Esto ayuda a mantener los estándares del restaurante y la satisfacción del cliente."
¿Qué se debe revisar al recibir un pedido de ingredientes?,"Al recibir un pedido, se debe verificar la frescura y calidad de los ingredientes, revisar las fechas de vencimiento y asegurarse de que los empaques estén en buen estado."
¿Cómo se deben almacenar los diferentes tipos de alimentos?,"Los alimentos perecederos deben refrigerarse (0-5°C), los congelados deben mantenerse a -18°C, y los no perecederos pueden almacenarse a temperatura ambiente (15-25°C). Cada tipo de alimento debe tener su área de almacenamiento específica."
¿Qué es el sistema FIFO y por qué es importante?,"El sistema FIFO (First In, First Out) asegura que los productos más antiguos se usen primero. Esto ayuda a evitar el desperdicio de alimentos y asegura que los ingredientes siempre estén frescos."
¿Qué acciones se deben tomar si se recibe un producto en mal estado?,"Si se recibe un producto en mal estado, se debe notificar al proveedor inmediatamente y documentar el incidente. Es importante desechar cualquier producto que no cumpla con los estándares de calidad del restaurante."
¿Cómo se puede mantener un inventario organizado?,"Mantener un inventario organizado implica llevar un registro detallado de todos los productos, actualizar el inventario regularmente y usar un sistema de gestión (manual o digital) para facilitar el seguimiento y la planificación de compras."
¿Qué medidas se deben tomar para asegurar la limpieza en las áreas de almacenamiento?,"Las áreas de almacenamiento deben limpiarse regularmente, mantener una buena ventilación y evitar el contacto entre alimentos crudos y cocidos. Además, es crucial monitorear y controlar plagas."
¿Por qué es importante revisar las fechas de vencimiento de los productos?,"Revisar las fechas de vencimiento ayuda a asegurar que los ingredientes sean seguros para el consumo y evita el uso de productos caducados, lo cual podría causar problemas de salud a los clientes."
¿Cómo se puede evitar el desperdicio de alimentos en el restaurante?,"Para evitar el desperdicio de alimentos, se deben realizar pedidos basados en la demanda real, implementar el sistema FIFO, y realizar controles de calidad periódicos para usar los productos antes de que se echen a perder."
¿Qué debe incluir un registro detallado del inventario?,"Un registro detallado del inventario debe incluir la descripción del producto, la cantidad, la fecha de adquisición, la fecha de vencimiento y cualquier observación sobre su estado o calidad."
¿Qué criterios se deben considerar al seleccionar ingredientes frescos en el mercado?,"Se deben considerar la apariencia, el olor, la textura y la fecha de cosecha o producción. Los ingredientes frescos deben estar libres de manchas, olores desagradables y signos de deterioro."
¿Cómo se puede asegurar que los productos congelados se mantengan en buen estado durante su almacenamiento?,"Se debe mantener una temperatura constante de -18°C o menos, evitar descongelaciones parciales, y almacenar los productos en empaques herméticos para prevenir la contaminación cruzada y las quemaduras por congelación."
¿Qué pasos se deben seguir para recibir un pedido grande de alimentos?,"Al recibir un pedido grande, se debe: 1. Verificar que la cantidad y tipo de productos coincidan con el pedido. 2. Inspeccionar la calidad y estado de los productos. 3. Almacenar los productos rápidamente según sus necesidades específicas (refrigeración, congelación o temperatura ambiente). 4. Actualizar el inventario."
¿Qué se debe hacer si un proveedor entrega ingredientes de baja calidad?,"Se debe rechazar los ingredientes de baja calidad, notificar al proveedor inmediatamente, documentar el incidente y solicitar una reposición o reembolso. También se debe evaluar si se continúa trabajando con ese proveedor en el futuro."
¿Cuál es la importancia de la rotación de stock en la gestión de inventarios?,"La rotación de stock asegura que los ingredientes más antiguos se utilicen primero, lo que ayuda a mantener la frescura y calidad de los alimentos y reduce el riesgo de desperdiciar productos que puedan caducar."
¿Cómo se deben almacenar los productos enlatados?,"Los productos enlatados deben almacenarse en un lugar fresco y seco, lejos de fuentes de calor y humedad. Se deben organizar de manera que las latas más antiguas se utilicen primero, siguiendo el sistema FIFO."
¿Qué información debe incluirse en una etiqueta de inventario?,"Una etiqueta de inventario debe incluir el nombre del producto, la fecha de recepción, la fecha de vencimiento y cualquier nota relevante sobre el estado o condiciones especiales de almacenamiento."
¿Cómo se puede manejar un exceso de inventario para evitar desperdicio?,"Para manejar un exceso de inventario, se pueden ajustar las porciones en el menú, ofrecer promociones o especiales para aumentar la venta de esos ingredientes, y revisar los patrones de compra para evitar pedidos excesivos en el futuro."
¿Qué medidas se deben tomar para prevenir la contaminación cruzada en el almacenamiento de alimentos?,"Se deben almacenar los alimentos crudos separados de los cocidos, utilizar contenedores herméticos, y limpiar y desinfectar regularmente las áreas de almacenamiento. Además, es importante etiquetar y organizar correctamente los productos."
¿Cuál es el procedimiento adecuado para deshacerse de alimentos vencidos o en mal estado?,"Los alimentos vencidos o en mal estado deben retirarse inmediatamente del área de almacenamiento, documentarse en el inventario como desechados, y desecharse siguiendo las normativas locales de gestión de residuos. Es importante limpiar y desinfectar el área donde se encontraban estos productos para evitar la contaminación."
¿Cómo se gestiona el libro de reservas digital?,"El libro de reservas digital se gestiona a través de una plataforma online donde se registran las reservas de los clientes. Los empleados pueden añadir, modificar o cancelar reservas, y los clientes pueden realizar reservas directamente a través del sitio web del restaurante."
¿Cómo se asignan las mesas a los clientes?,"Las mesas se asignan en función del número de personas en la reserva y la disponibilidad de mesas en el momento de la llegada del cliente. El sistema digital puede sugerir automáticamente una mesa adecuada, o el personal puede asignarla manualmente."
¿Qué pasos se siguen cuando un cliente llega al restaurante?,"Al llegar, el cliente es recibido por el anfitrión o el encargado de reservas. Se confirma la reserva en el sistema y se le asigna una mesa. Si no tiene reserva, se le informa del tiempo de espera y se le añade a la lista de espera si es necesario."
¿Cómo se gestiona una lista de espera?,"La lista de espera se gestiona mediante el mismo sistema digital de reservas. Los clientes se añaden a la lista de espera y se les notifica el tiempo estimado de espera. Una vez que una mesa esté disponible, se les llama o envía un mensaje para informarles."
¿Qué se hace si un cliente no se presenta a su reserva?,"Si un cliente no se presenta a su reserva, se le da un tiempo de gracia (generalmente 15-20 minutos). Después de este tiempo, la reserva se cancela y la mesa se pone a disposición de otros clientes."
¿Cómo se manejan las solicitudes especiales de los clientes (como una mesa en una ubicación específica)?,"Las solicitudes especiales se registran en el sistema de reservas y se intenta acomodarlas en la medida de lo posible. Si no es posible cumplir con la solicitud, el personal informa al cliente y ofrece alternativas."
¿Cómo se maneja una reserva de grupo grande?,"Para reservas de grupos grandes, se recomienda hacer la reserva con antelación. El sistema digital permite asignar múltiples mesas juntas o una mesa grande si está disponible. Además, se puede coordinar con el cliente para organizar el espacio y el servicio adecuado."
¿Qué se debe hacer si un cliente desea cambiar la hora de su reserva?,"Si un cliente desea cambiar la hora de su reserva, se debe verificar la disponibilidad de mesas en el nuevo horario solicitado. Si hay disponibilidad, se actualiza la reserva en el sistema digital. Si no hay disponibilidad, se le ofrecen alternativas al cliente."
"¿Cómo se gestionan las reservas para ocasiones especiales (cumpleaños, aniversarios)?","Las reservas para ocasiones especiales se gestionan anotando los detalles adicionales en el sistema de reservas, como solicitudes de decoración o un pastel especial. El personal del restaurante se coordina para asegurar que todo esté listo para la ocasión."
¿Cómo se maneja la sobre-reserva (overbooking)?,"En caso de sobre-reserva, el personal debe priorizar las reservas confirmadas. Se puede pedir a algunos clientes que esperen o se les puede ofrecer un descuento o una bebida de cortesía mientras esperan una mesa. La comunicación clara con los clientes es esencial."
¿Qué información se necesita para confirmar una reserva?,"Para confirmar una reserva, se necesita el nombre del cliente, el número de personas, la fecha y hora de la reserva, y un número de contacto. A veces, también se puede solicitar una tarjeta de crédito para asegurar la reserva, especialmente en fechas de alta demanda."
¿Cómo se manejan las cancelaciones de última hora?,"Las cancelaciones de última hora se registran en el sistema de reservas. Se agradece a los clientes por informar y se libera la mesa para otros clientes. En caso de políticas de cancelación estrictas, se puede aplicar una tarifa si no se cancela con el tiempo de antelación requerido."
¿Cómo se planifica un evento de catering?,"La planificación de un evento de catering comienza con una reunión con el cliente para entender sus necesidades y preferencias. Se elabora un menú personalizado, se coordina la logística del evento y se asigna personal adecuado para la preparación y el servicio."
¿Qué incluye la gestión de pedidos de catering?,"La gestión de pedidos incluye recibir y confirmar pedidos de catering, coordinar la preparación de los alimentos, organizar la logística de transporte y asegurarse de que todo esté listo para el evento."
¿Cómo se asegura la calidad de la comida en los eventos de catering?,"La calidad de la comida se asegura mediante la selección de ingredientes frescos y de alta calidad, siguiendo estrictamente las recetas y procedimientos de cocina, y realizando controles de calidad antes de la entrega y el servicio en el evento."
¿Qué logística se necesita para un evento de catering?,"La logística incluye el transporte de alimentos y equipos al lugar del evento, la configuración del área de servicio, la coordinación del personal de servicio y la limpieza posterior al evento."
¿Cómo se maneja un cambio de último minuto en un pedido de catering?,Los cambios de último minuto se manejan comunicándose rápidamente con el equipo de cocina y logística para ajustar los planes. Se informa al cliente sobre cualquier cambio en el tiempo de entrega o en el menú si es necesario.
¿Qué protocolos de seguridad alimentaria se siguen en los servicios de catering?,"Los protocolos incluyen mantener los alimentos a la temperatura adecuada, usar equipos y utensilios desinfectados, asegurar una higiene personal adecuada del personal y seguir las regulaciones locales de salud y seguridad alimentaria."
¿Qué pasos se siguen para personalizar un menú de catering?,"Para personalizar un menú de catering, se realiza una reunión con el cliente para entender sus preferencias y necesidades dietéticas. Se sugieren opciones de menú y se ajustan según las solicitudes del cliente. Se finaliza el menú y se confirma por escrito."
¿Cómo se coordina el transporte de alimentos al lugar del evento?,El transporte se coordina asegurando que los alimentos estén bien empaquetados y almacenados a la temperatura adecuada. Se utiliza transporte especializado para mantener la calidad de los alimentos. El tiempo de salida se planifica para llegar con suficiente anticipación al evento.
¿Cómo se gestionan las devoluciones de equipos después de un evento de catering?,"Después del evento, el equipo de catering recoge todos los equipos utilizados, como utensilios, platos y decoraciones. Se realiza un inventario para asegurarse de que todo se devuelve. Los equipos se limpian y se almacenan adecuadamente para futuros eventos."
¿Qué procedimientos se siguen en caso de alergias alimentarias?,Se documentan todas las alergias alimentarias de los invitados y se asegura que el personal de cocina esté informado. Se preparan platos especiales separados de otros alimentos y se etiqueta claramente. El personal de servicio también se informa para evitar cualquier contaminación cruzada.
¿Cómo se maneja la comunicación con el cliente durante la planificación del evento?,"La comunicación con el cliente se maneja a través de reuniones regulares, llamadas telefónicas y correos electrónicos. Se mantienen actualizados sobre el progreso de la planificación y cualquier cambio necesario. La transparencia y la atención a los detalles son clave para satisfacer al cliente."
¿Qué se hace si un cliente no está satisfecho con el servicio de catering?,"Si un cliente no está satisfecho, se aborda la queja de inmediato escuchando sus preocupaciones y ofreciendo soluciones. Se puede ofrecer una compensación o un descuento en futuros servicios. La retroalimentación se utiliza para mejorar y evitar problemas similares en el futuro."
